PWPW: nowe e-dowody bêd¹ mog³y mieæ dodatkowe funkcjonalnoœci - Bankier.pl;2017-12-06 20:43;https://www.bankier.pl/wiadomosc/PWPW-nowe-e-dowody-beda-mogly-miec-dodatkowe-funkcjonalnosci-4044174.html;Nowe e-dowody bêd¹ mia³y w pamiêci umieszczonego w nich chipa wolne miejsce, co umo¿liwi nadawanie im dodatkowych funkcjonalnoœci - poinformowa³ w œrodê cz³onek zarz¹du Polskiej Wytwórni Papierów Wartoœciowych SA Robert Malicki.
PWPW: nowe e-dowody bêd¹ mog³y mieæ dodatkowe funkcjonalnoœci - Bankier.pl;2017-12-06 20:43;https://www.bankier.pl/wiadomosc/PWPW-nowe-e-dowody-beda-mogly-miec-dodatkowe-funkcjonalnosci-4044174.html;Zgodnie z rz¹dow¹ koncepcj¹ przyjêt¹ w sierpniu br. nowe dowody osobiste z warstw¹ elektroniczn¹ maj¹ byæ wydawane od I kw. 2019 r. Ich wymiana potrwa przez 10 lat, jednak na wniosek bêdzie mo¿na je dostaæ wczeœniej, tzn. przed up³ywem wa¿noœci dotychczasowych dowodów. Pod tym k¹tem w 2018 r. zmieniona ma zostaæ Ustawa o dowodach osobistych.
PWPW: nowe e-dowody bêd¹ mog³y mieæ dodatkowe funkcjonalnoœci - Bankier.pl;2017-12-06 20:43;https://www.bankier.pl/wiadomosc/PWPW-nowe-e-dowody-beda-mogly-miec-dodatkowe-funkcjonalnosci-4044174.html;O pracach nad przygotowaniami do wdro¿enia nowych dowodów przedstawiciel Polskiej Wytwórni Papierów Wartoœciowych, która je wyprodukuje, mówi³ - wraz z wiceministrem spraw wewnêtrznych i administracji Tomaszem Zdzikotem - podczas jednego z paneli kongresu Impact fintech'17 w Katowicach, poœwiêconego innowacjom finansowym.
PWPW: nowe e-dowody bêd¹ mog³y mieæ dodatkowe funkcjonalnoœci - Bankier.pl;2017-12-06 20:43;https://www.bankier.pl/wiadomosc/PWPW-nowe-e-dowody-beda-mogly-miec-dodatkowe-funkcjonalnosci-4044174.html;Zdzikot podkreœli³, ¿e dowód osobisty z warstw¹ elektroniczn¹ jest przygotowywany wspólnie z Ministerstwem Cyfryzacji i Ministerstwem Zdrowia. Bêdzie to narzêdzie umo¿liwiaj¹ce bezpieczn¹ identyfikacjê elektroniczn¹, dokonywanie operacji i us³ug w kontaktach z administracj¹ publiczn¹, potwierdzanie cyfrowej to¿samoœci czy te¿ potwierdzanie prawa do œwiadczeñ opieki zdrowotnej.
PWPW: nowe e-dowody bêd¹ mog³y mieæ dodatkowe funkcjonalnoœci - Bankier.pl;2017-12-06 20:43;https://www.bankier.pl/wiadomosc/PWPW-nowe-e-dowody-beda-mogly-miec-dodatkowe-funkcjonalnosci-4044174.html;Przy ka¿dym odczytaniu dowodu (poprzez przy³o¿enie do czytnika) wiarygodnoœæ nawi¹zania komunikacji potwierdzana bêdzie numerem identyfikacyjnym - zapisanym kodem kreskowym na blankiecie. Uniemo¿liwi to nieautoryzowane odczytanie danych np. przenoœnym czytnikiem w t³umie.
PWPW: nowe e-dowody bêd¹ mog³y mieæ dodatkowe funkcjonalnoœci - Bankier.pl;2017-12-06 20:43;https://www.bankier.pl/wiadomosc/PWPW-nowe-e-dowody-beda-mogly-miec-dodatkowe-funkcjonalnosci-4044174.html;Zdzikot akcentowa³, ¿e dziêki mo¿liwoœci potwierdzania powszechnym dowodem z warstw¹ elektroniczn¹ to¿samoœci on-line mo¿liwe bêdzie faktyczne upowszechnienie nowoczesnych rozwi¹zañ cyfrowych. W przypadku domowego komputera potrzebny bêdzie do tego odpowiedni czytnik, jednak - jak przypomnia³ Malicki - koszt najtañszych z nich to obecnie kwota rzêdu 25 z³.
PWPW: nowe e-dowody bêd¹ mog³y mieæ dodatkowe funkcjonalnoœci - Bankier.pl;2017-12-06 20:43;https://www.bankier.pl/wiadomosc/PWPW-nowe-e-dowody-beda-mogly-miec-dodatkowe-funkcjonalnosci-4044174.html;Dowód stanie siê swego rodzaju kluczem umo¿liwiaj¹cym poruszanie siê w systemach dziedzinowych, np. w indywidualnych dziœ systemach opieki zdrowotnej, ale te¿ np. w bibliotekach czy szeregu innych miejsc, gdzie znajdzie siê koñcówka umo¿liwiaj¹ca odczytanie dowodu. Udostêpnimy jako wytwórca stosowne biblioteki tym, którym bêdzie to potrzebne do nawi¹zania wspó³pracy z innymi systemami, ale ich adaptacja bêdzie po stronie zainteresowanych - zastrzeg³ cz³onek zarz¹du PWPW.
PWPW: nowe e-dowody bêd¹ mog³y mieæ dodatkowe funkcjonalnoœci - Bankier.pl;2017-12-06 20:43;https://www.bankier.pl/wiadomosc/PWPW-nowe-e-dowody-beda-mogly-miec-dodatkowe-funkcjonalnosci-4044174.html;Odpowiadaj¹c na pytanie publicznoœci Zdzikot wyjaœni³, ¿e przygotowywane przez resort cyfryzacji rozwi¹zanie mDokumentów, zak³adaj¹ce m.in. dowód w telefonie, bêdzie nadal sprowadza³o siê do potwierdzania to¿samoœci. Dowód z warstw¹ elektroniczn¹ bêdzie mia³ natomiast kilka innych funkcjonalnoœci, np. sk³adania oœwiadczeñ woli, potwierdzenia odbycia œwiadczenia czy wyra¿enia zgody na dostêp do dokumentacji medycznej.
PWPW: nowe e-dowody bêd¹ mog³y mieæ dodatkowe funkcjonalnoœci - Bankier.pl;2017-12-06 20:43;https://www.bankier.pl/wiadomosc/PWPW-nowe-e-dowody-beda-mogly-miec-dodatkowe-funkcjonalnosci-4044174.html;W tym kontekœcie Malicki zaznaczy³, ¿e bêdzie to rozwi¹zanie absolutnie elastyczne. Ka¿dy pomys³, który przyjdzie ka¿demu do g³owy, przy którym bêdzie mo¿na wykorzystaæ to¿samoœæ cyfrow¹ bêdzie móg³ mieæ zastosowanie. Czy to bêdzie usprawnienie procesów sprzeda¿y przez internet, czy sk³adanie szeregu wniosków w ró¿nych sprawach - dowód bêdzie móg³ s³u¿yæ - podkreœli³.
PWPW: nowe e-dowody bêd¹ mog³y mieæ dodatkowe funkcjonalnoœci - Bankier.pl;2017-12-06 20:43;https://www.bankier.pl/wiadomosc/PWPW-nowe-e-dowody-beda-mogly-miec-dodatkowe-funkcjonalnosci-4044174.html;Dowód z warstw¹ elektroniczn¹ bêdzie zawiera³ w tej warstwie te¿ czêœæ pust¹, która jest zaplanowana do wype³nienia w kolejnych etapach. To bêdzie ta czêœæ, która nie bêdzie szczególnie chroniona i bêdzie mog³a mieæ wielorakie zastosowanie. Wype³nienie tej czêœci bêdzie mo¿liwe do wykorzystania przez np. podmioty komercyjne, które zaproponuj¹ rzeczy przydatne dla obywateli. Chcielibyœmy doprowadziæ te¿ do sytuacji, w której to obywatel bêdzie decydowa³, czym chce wype³niæ tê czêœæ - zaznaczy³ przedstawiciel PWPW.
PWPW: nowe e-dowody bêd¹ mog³y mieæ dodatkowe funkcjonalnoœci - Bankier.pl;2017-12-06 20:43;https://www.bankier.pl/wiadomosc/PWPW-nowe-e-dowody-beda-mogly-miec-dodatkowe-funkcjonalnosci-4044174.html;Wiceminister Zdzikot podkreœli³, ¿e pañstwo zaproponuje rozwi¹zanie zawieraj¹ce zarówno cyfrow¹ to¿samoœæ, jak i podpis. Od rynku bêdzie zale¿a³o, czy i jakie na bazie tych rozwi¹zañ powstan¹ kolejne us³ugi. Jednoczeœnie zgodnie z za³o¿eniami powstaæ ma szereg placówek, które bêd¹ umo¿liwia³y obywatelom korzystanie z funkcjonalnoœci nowego dowodu, np. na bazie placówek pocztowych czy bankowych.
PWPW: nowe e-dowody bêd¹ mog³y mieæ dodatkowe funkcjonalnoœci - Bankier.pl;2017-12-06 20:43;https://www.bankier.pl/wiadomosc/PWPW-nowe-e-dowody-beda-mogly-miec-dodatkowe-funkcjonalnosci-4044174.html;autor: Mateusz Babak
PWPW: nowe e-dowody bêd¹ mog³y mieæ dodatkowe funkcjonalnoœci - Bankier.pl;2017-12-06 20:43;https://www.bankier.pl/wiadomosc/PWPW-nowe-e-dowody-beda-mogly-miec-dodatkowe-funkcjonalnosci-4044174.html;edytor: Marek Micha³owski
PWPW: nowe e-dowody bêd¹ mog³y mieæ dodatkowe funkcjonalnoœci - Bankier.pl;2017-12-06 20:43;https://www.bankier.pl/wiadomosc/PWPW-nowe-e-dowody-beda-mogly-miec-dodatkowe-funkcjonalnosci-4044174.html;mtb/ maro/
Stany Zjednoczone uznaj¹ Jerozolimê za stolicê Izraela  - Bankier.pl;2017-12-06 19:25;https://www.bankier.pl/wiadomosc/Stany-Zjednoczone-uznaja-Jerozolime-za-stolice-Izraela-4044133.html;Prezydent Donald Trump oœwiadczy³ w œrodê, ¿e USA uznaj¹ Jerozolimê za stolicê Izraela. Powiedzia³, ¿e Izrael ma prawo decydowaæ o swojej stolicy. Wskaza³, ¿e w Jerozolimie znajduje siê izraelski parlament i S¹d Najwy¿szy.
Stany Zjednoczone uznaj¹ Jerozolimê za stolicê Izraela  - Bankier.pl;2017-12-06 19:25;https://www.bankier.pl/wiadomosc/Stany-Zjednoczone-uznaja-Jerozolime-za-stolice-Izraela-4044133.html;"Trump oœwiadczy³, ¿e decyzja ta ""oznacza pocz¹tek nowego podejœcia do konfliktu miêdzy Izraelem a Palestyñczykami"" i ¿e le¿y w interesie Ameryki. Przyzna³ zarazem, ¿e mo¿e ona wywo³aæ protesty oraz kontrowersje, i wezwa³ do zachowania spokoju."
Stany Zjednoczone uznaj¹ Jerozolimê za stolicê Izraela  - Bankier.pl;2017-12-06 19:25;https://www.bankier.pl/wiadomosc/Stany-Zjednoczone-uznaja-Jerozolime-za-stolice-Izraela-4044133.html;Zastrzeg³, ¿e USA nie zajmuj¹ stanowiska w kwestiach dotycz¹cych ostatecznego statusu Jerozolimy. Powiedzia³ te¿, USA zdaj¹ sobie sprawê, i¿ konkretne granice izraelskiej suwerennoœci w Jerozolimie bêd¹ przedmiotem rozmów w sprawie ostatecznego statusu tego miasta.
Stany Zjednoczone uznaj¹ Jerozolimê za stolicê Izraela  - Bankier.pl;2017-12-06 19:25;https://www.bankier.pl/wiadomosc/Stany-Zjednoczone-uznaja-Jerozolime-za-stolice-Izraela-4044133.html;"Trump zapewni³, ¿e jest ""g³êboko zobowi¹zany"" do wspierania porozumienia pokojowego miêdzy Izraelem i Palestyñczykami i popiera dwupañstwowe rozwi¹zanie konfliktu na Bliskim Wschodzie."
Stany Zjednoczone uznaj¹ Jerozolimê za stolicê Izraela  - Bankier.pl;2017-12-06 19:25;https://www.bankier.pl/wiadomosc/Stany-Zjednoczone-uznaja-Jerozolime-za-stolice-Izraela-4044133.html;Doda³, ¿e USA chc¹ u³atwiæ zawarcie takiego porozumienia na Bliskim Wschodzie, które bêdzie mo¿liwe do zaakceptowania dla obu stron konfliktu. Podkreœli³, ¿e on sam zrobi wszystko co w jego mocy, by porozumienie to zosta³o osi¹gniête.
Stany Zjednoczone uznaj¹ Jerozolimê za stolicê Izraela  - Bankier.pl;2017-12-06 19:25;https://www.bankier.pl/wiadomosc/Stany-Zjednoczone-uznaja-Jerozolime-za-stolice-Izraela-4044133.html;Spo³ecznoœæ miêdzynarodowa nie uznaje Jerozolimy za stolicê Izraela, a prawie 90 ambasad mieœci siê w Tel Awiwie. Izrael kontroluje Jerozolimê od 1967 roku, gdy w trakcie wojny szeœciodniowej zaj¹³ wschodni¹ czêœci¹ miasta.
Stany Zjednoczone uznaj¹ Jerozolimê za stolicê Izraela  - Bankier.pl;2017-12-06 19:25;https://www.bankier.pl/wiadomosc/Stany-Zjednoczone-uznaja-Jerozolime-za-stolice-Izraela-4044133.html;"Zgodnie z ustaw¹ z 1995 roku USA mia³y docelowo przenieœæ ambasadê do Jerozolimy, a prezydent móg³ odraczaæ ten krok ze wzglêdów bezpieczeñstwa narodowego. Decyzja w tej sprawie jest podejmowana co szeœæ miesiêcy. W zwi¹zku z obawami, ¿e zagrozi to procesowi pokojowemu na Bliskim Wschodzie, kolejni prezydenci podpisywali rozporz¹dzenia o czasowym odroczeniu realizacji ustawy; w czerwcu tak¿e Trump odroczy³ tê decyzjê. Natomiast dziœ po raz kolejny podpisa³ odroczenie, ale wyda³ te¿ decyzjê o rozpoczêciu przygotowañ do przeniesienia amerykañskiej ambasady z Tel Awiwu do Jerozolimy."
Stany Zjednoczone uznaj¹ Jerozolimê za stolicê Izraela  - Bankier.pl;2017-12-06 19:25;https://www.bankier.pl/wiadomosc/Stany-Zjednoczone-uznaja-Jerozolime-za-stolice-Izraela-4044133.html;"Decyzja prezydenta USA Donalda Trumpa o uznaniu przez USA Jerozolimy za stolicê Izraela to ""historyczny prze³om"" - oœwiadczy³ premier Izraela Benjamin Netanjahu."
Stany Zjednoczone uznaj¹ Jerozolimê za stolicê Izraela  - Bankier.pl;2017-12-06 19:25;https://www.bankier.pl/wiadomosc/Stany-Zjednoczone-uznaja-Jerozolime-za-stolice-Izraela-4044133.html;"Netanjahu podkreœli³ w oœwiadczeniu, ¿e Izrael jest bardzo wdziêczny za decyzjê Trumpa, któr¹ nazwa³ ""wa¿nym krokiem w stronê pokoju""."
Stany Zjednoczone uznaj¹ Jerozolimê za stolicê Izraela  - Bankier.pl;2017-12-06 19:25;https://www.bankier.pl/wiadomosc/Stany-Zjednoczone-uznaja-Jerozolime-za-stolice-Izraela-4044133.html;"Zapewni³, ¿e Izrael ""bêdzie kontynuowaæ wspó³pracê z prezydentem i jego zespo³em, by sen o pokoju siê spe³ni³""."
Stany Zjednoczone uznaj¹ Jerozolimê za stolicê Izraela  - Bankier.pl;2017-12-06 19:25;https://www.bankier.pl/wiadomosc/Stany-Zjednoczone-uznaja-Jerozolime-za-stolice-Izraela-4044133.html;Premier wezwa³ równie¿ inne kraje do tego, by posz³y za przyk³adem USA i przenios³y swoje ambasady z Tel Awiwu do Jerozolimy.
Stany Zjednoczone uznaj¹ Jerozolimê za stolicê Izraela  - Bankier.pl;2017-12-06 19:25;https://www.bankier.pl/wiadomosc/Stany-Zjednoczone-uznaja-Jerozolime-za-stolice-Izraela-4044133.html;Przywódca Autonomii Palestyñskiej Mahmud Abbas potêpi³ i odrzuci³ w œrodê decyzjê prezydenta USA Donalda Trumpa o uznaniu Jerozolimy za stolicê Izraela.
Stany Zjednoczone uznaj¹ Jerozolimê za stolicê Izraela  - Bankier.pl;2017-12-06 19:25;https://www.bankier.pl/wiadomosc/Stany-Zjednoczone-uznaja-Jerozolime-za-stolice-Izraela-4044133.html;Doda³, ¿e decyzja Trumpa jest równoznaczna ze zrzeczeniem siê przez USA roli pokojowego mediatora w regionie.
Stany Zjednoczone uznaj¹ Jerozolimê za stolicê Izraela  - Bankier.pl;2017-12-06 19:25;https://www.bankier.pl/wiadomosc/Stany-Zjednoczone-uznaja-Jerozolime-za-stolice-Izraela-4044133.html;"Palestyñski Hamas og³osi³ po wyst¹pieniu prezydenta USA, ¿e Donald Trump otworzy³ ""bramy piekie³"". Organizacja Wyzwolenia Palestyny oceni³a, ¿e decyzja ta ""niszczy"" szanse na dwupañstwowe rozwi¹zanie konfliktu."
Stany Zjednoczone uznaj¹ Jerozolimê za stolicê Izraela  - Bankier.pl;2017-12-06 19:25;https://www.bankier.pl/wiadomosc/Stany-Zjednoczone-uznaja-Jerozolime-za-stolice-Izraela-4044133.html;"Palestyñski Hamas decyzjê prezydenta USA ""jawn¹ agresj¹ na Palestyñczyków"" i wezwa³ do ""podminowania amerykañskich interesów w regionie"" oraz ignorowania Izraela."
Stany Zjednoczone uznaj¹ Jerozolimê za stolicê Izraela  - Bankier.pl;2017-12-06 19:25;https://www.bankier.pl/wiadomosc/Stany-Zjednoczone-uznaja-Jerozolime-za-stolice-Izraela-4044133.html;"Przywódca Hamasu Ismail Hanije oznajmi³ w komunikacie, ¿e Palestyñczycy ""wiedz¹, jak w³aœciwie odpowiedzieæ na brak szacunku dla ich uczuæ i ich sanktuariów"". Doda³, ¿e decyzja Donalda Trumpa ""nie zmienia faktów historycznych ani geografii""."
Stany Zjednoczone uznaj¹ Jerozolimê za stolicê Izraela  - Bankier.pl;2017-12-06 19:25;https://www.bankier.pl/wiadomosc/Stany-Zjednoczone-uznaja-Jerozolime-za-stolice-Izraela-4044133.html;"Prezydent Francji Emmanuel Macron powiedzia³, ¿e jednostronna decyzja USA ws. Jerozolimy jest godna po¿a³owania, sprzeczna z prawem miêdzynarodowym, a ""Francja jej nie aprobuje""."
Stany Zjednoczone uznaj¹ Jerozolimê za stolicê Izraela  - Bankier.pl;2017-12-06 19:25;https://www.bankier.pl/wiadomosc/Stany-Zjednoczone-uznaja-Jerozolime-za-stolice-Izraela-4044133.html;"Macron zaapelowa³ te¿ do zainteresowanych strony, by ""za wszelk¹ cenê uniknê³y przemocy""."
Stany Zjednoczone uznaj¹ Jerozolimê za stolicê Izraela  - Bankier.pl;2017-12-06 19:25;https://www.bankier.pl/wiadomosc/Stany-Zjednoczone-uznaja-Jerozolime-za-stolice-Izraela-4044133.html;Równie¿ Unia Europejska jest powa¿nie zaniepokojona decyzj¹ prezydenta Stanów Zjednoczonych. Oœwiadczenie w tej sprawie opublikowa³a szefowa unijnej dyplomacji Federica Mogherini.
Stany Zjednoczone uznaj¹ Jerozolimê za stolicê Izraela  - Bankier.pl;2017-12-06 19:25;https://www.bankier.pl/wiadomosc/Stany-Zjednoczone-uznaja-Jerozolime-za-stolice-Izraela-4044133.html;Szefowa unijnej dyplomacji napisa³a w oœwiadczeniu, ¿e ta decyzja bêdzie mia³a reperkusje i odbije siê negatywnie na rozmowach pokojowych. Doda³a, ¿e stanowisko Unii Europejskiej pozostaje niezmienne.
Stany Zjednoczone uznaj¹ Jerozolimê za stolicê Izraela  - Bankier.pl;2017-12-06 19:25;https://www.bankier.pl/wiadomosc/Stany-Zjednoczone-uznaja-Jerozolime-za-stolice-Izraela-4044133.html;"Wspólnota nadal uwa¿a, ¿e nale¿y znaleŸæ takie rozwi¹zanie, które uczyni z Jerozolimy stolicê dwóch narodów - Izraela i przysz³ego pañstwa palestyñskiego. ""Unia Europejska apeluje do wszystkich o spokój i powœci¹gliwoœæ, by unikn¹æ eskalacji konfliktu"" - napisa³a Federica Mogherini."
Stany Zjednoczone uznaj¹ Jerozolimê za stolicê Izraela  - Bankier.pl;2017-12-06 19:25;https://www.bankier.pl/wiadomosc/Stany-Zjednoczone-uznaja-Jerozolime-za-stolice-Izraela-4044133.html;"Podkreœli³a, ¿e nale¿y doprowadziæ do bezpoœrednich negocjacji, które pozwol¹ rozwi¹zaæ wszystkie problematyczne kwestie. ""Unia jest gotowa wspieraæ ten proces"" - doda³ szefowa unijnej dyplomacji."
Stany Zjednoczone uznaj¹ Jerozolimê za stolicê Izraela  - Bankier.pl;2017-12-06 19:25;https://www.bankier.pl/wiadomosc/Stany-Zjednoczone-uznaja-Jerozolime-za-stolice-Izraela-4044133.html;"Izraelskie media poda³y, ¿e premier Benjamin Netanjahu i jego doradcy aktywnie uczestniczyli w podejmowaniu przez administracjê USA decyzji ws. statusu Jerozolimy, a prezydent Stanów Zjednoczonych Donald Trump ""w pe³ni koordynowa³"" te dzia³ania z izraelskimi partnerami."
Stany Zjednoczone uznaj¹ Jerozolimê za stolicê Izraela  - Bankier.pl;2017-12-06 19:25;https://www.bankier.pl/wiadomosc/Stany-Zjednoczone-uznaja-Jerozolime-za-stolice-Izraela-4044133.html;"Anglojêzyczny portal ""Times of Israel"" przytacza w œrodê relacje telewizji Hadaszot i Channel 10, które poda³y, ¿e doradcy Netanjahu ""zachêcali, wspierali i uspokajali"" amerykañsk¹ administracjê podczas debaty na temat uznania przez USA Jerozolimy za stolicê Izraela."
Stany Zjednoczone uznaj¹ Jerozolimê za stolicê Izraela  - Bankier.pl;2017-12-06 19:25;https://www.bankier.pl/wiadomosc/Stany-Zjednoczone-uznaja-Jerozolime-za-stolice-Izraela-4044133.html;"Ekipa izraelskiego premiera mia³a ""uspokajaæ"" Amerykanów co do ewentualnych konsekwencji zmiany statusu Jerozolimy; administracja Trumpa prowadzi³a od d³u¿szego czasu rozmowy z Netanjahu, podczas gdy ""Palestyñczycy nic nie wiedzieli o tym zamiarze"" do ostatniej chwili - poda³a Hadaszot."
Stany Zjednoczone uznaj¹ Jerozolimê za stolicê Izraela  - Bankier.pl;2017-12-06 19:25;https://www.bankier.pl/wiadomosc/Stany-Zjednoczone-uznaja-Jerozolime-za-stolice-Izraela-4044133.html;Wed³ug Channel 10 ambasador Izraela w Waszyngtonie Ron Dermer zna³ wszelkie szczegó³y tocz¹cych siê konsultacji i gra³ w nich bardzo istotn¹ rolê.
Stany Zjednoczone uznaj¹ Jerozolimê za stolicê Izraela  - Bankier.pl;2017-12-06 19:25;https://www.bankier.pl/wiadomosc/Stany-Zjednoczone-uznaja-Jerozolime-za-stolice-Izraela-4044133.html;"Trump ""przyj¹³ izraelskie argumenty, zgodnie z którymi nale¿y oddzieliæ kwestiê uznania Jerozolimy (za stolicê pañstwa ¿ydowskiego) od procesu pokojowego"" - pisze ""Times of Israel""."
Stany Zjednoczone uznaj¹ Jerozolimê za stolicê Izraela  - Bankier.pl;2017-12-06 19:25;https://www.bankier.pl/wiadomosc/Stany-Zjednoczone-uznaja-Jerozolime-za-stolice-Izraela-4044133.html;Departament Stanu rozes³a³ instrukcje do wszystkich placówek dyplomatycznych USA, w których odradza amerykañskim urzêdnikom podró¿e do Izraela, a zw³aszcza Jerozolimy i na Zachodni Brzeg - poda³ w œrodê Reuters, który dotar³ do kopii instrukcji resortu.
Stany Zjednoczone uznaj¹ Jerozolimê za stolicê Izraela  - Bankier.pl;2017-12-06 19:25;https://www.bankier.pl/wiadomosc/Stany-Zjednoczone-uznaja-Jerozolime-za-stolice-Izraela-4044133.html;"""Ambasada w Tel Awiwie i konsulat generalny w Jerozolimie prosz¹ o zrezygnowanie ze wszystkich podró¿y, które nie s¹ nieodzowne, do Izraela, Jerozolimy i na Zachodni Brzeg od 4 do 20 grudnia 2017 roku"" - g³osi depesza, nie podaj¹c powodów wydania takich instrukcji."
Stany Zjednoczone uznaj¹ Jerozolimê za stolicê Izraela  - Bankier.pl;2017-12-06 19:25;https://www.bankier.pl/wiadomosc/Stany-Zjednoczone-uznaja-Jerozolime-za-stolice-Izraela-4044133.html;"Po Jerozolimie wolno siê bêdzie przemieszczaæ tylko w celach s³u¿bowych i w sytuacjach ""nieodzownych"" - podkreœli³ Departament Stanu."
Stany Zjednoczone uznaj¹ Jerozolimê za stolicê Izraela  - Bankier.pl;2017-12-06 19:25;https://www.bankier.pl/wiadomosc/Stany-Zjednoczone-uznaja-Jerozolime-za-stolice-Izraela-4044133.html;Przedstawiciel administracji USA powiedzia³ agencji Reutera, ¿e amerykañski wywiad ocenia, i¿ og³oszenie zmiany statusu Jerozolimy mo¿e wywo³aæ wrog¹ reakcjê wobec Izraela i zagroziæ amerykañskim interesom na Bliskim Wschodzie.
Stany Zjednoczone uznaj¹ Jerozolimê za stolicê Izraela  - Bankier.pl;2017-12-06 19:25;https://www.bankier.pl/wiadomosc/Stany-Zjednoczone-uznaja-Jerozolime-za-stolice-Izraela-4044133.html;Palestyñski Hamas wezwa³ do masowych protestów w zwi¹zku ze zmian¹ statusu Jerozolimy.
Stany Zjednoczone uznaj¹ Jerozolimê za stolicê Izraela  - Bankier.pl;2017-12-06 19:25;https://www.bankier.pl/wiadomosc/Stany-Zjednoczone-uznaja-Jerozolime-za-stolice-Izraela-4044133.html;"Tureckie MSZ potêpi³o uznanie przez USA Jerozolimy za stolicê Izraela jako ""nieodpowiedzialne"" i wezwa³o Waszyngton do ponownego rozwa¿enia tej decyzji."
Stany Zjednoczone uznaj¹ Jerozolimê za stolicê Izraela  - Bankier.pl;2017-12-06 19:25;https://www.bankier.pl/wiadomosc/Stany-Zjednoczone-uznaja-Jerozolime-za-stolice-Izraela-4044133.html;"MSZ wyda³o oœwiadczenie, w którym ostrze¿ono, ¿e zapowiedziane przeniesienie ambasady Stanów Zjednoczonych z Tel Awiwu do Jerozolimy bêdzie mia³o negatywne konsekwencje ""dla pokoju i stabilnoœci w regionie""."
Stany Zjednoczone uznaj¹ Jerozolimê za stolicê Izraela  - Bankier.pl;2017-12-06 19:25;https://www.bankier.pl/wiadomosc/Stany-Zjednoczone-uznaja-Jerozolime-za-stolice-Izraela-4044133.html;"Wyra¿ono opiniê, ¿e uznaj¹c Jerozolimê za stolicê Izraela, Trump narusza prawo miêdzynarodowe i rezolucje ONZ. W oœwiadczeniu wskazano, ¿e w wielu rezolucjach Narodów Zjednoczonych podkreœla siê, i¿ pañstwo palestyñskie z Jerozolim¹ Wschodni¹ jako stolic¹ jest warunkiem wstêpnym rozwi¹zania konfliktu bliskowschodniego. ""To niedopuszczalne, ¿e USA, sta³y cz³onek Rady Bezpieczeñstwa ONZ, ignoruj¹ ten fakt"" - g³osi oœwiadczenie tureckiego MSZ."
Stany Zjednoczone uznaj¹ Jerozolimê za stolicê Izraela  - Bankier.pl;2017-12-06 19:25;https://www.bankier.pl/wiadomosc/Stany-Zjednoczone-uznaja-Jerozolime-za-stolice-Izraela-4044133.html;"Dzieñ wczeœniej prezydent Turcji Recep Tayyip Erdogan ostrzeg³, ¿e status Jerozolimy to ""czerwona linia dla muzu³manów"" i zapowiedzia³, ¿e mo¿e zerwaæ stosunki dyplomatyczne z Izraelem, jeœli Waszyngton uzna to miasto za izraelsk¹ stolicê."
Stany Zjednoczone uznaj¹ Jerozolimê za stolicê Izraela  - Bankier.pl;2017-12-06 19:25;https://www.bankier.pl/wiadomosc/Stany-Zjednoczone-uznaja-Jerozolime-za-stolice-Izraela-4044133.html;"Iran ""zdecydowanie potêpia"" decyzjê og³oszon¹ przez prezydenta USA Donalda Trumpa o przeniesieniu ambasady USA z Tel Awiwu do Jerozolimy - oœwiadczy³o w œrodê irañskie ministerstwo spraw zagranicznych."
Stany Zjednoczone uznaj¹ Jerozolimê za stolicê Izraela  - Bankier.pl;2017-12-06 19:25;https://www.bankier.pl/wiadomosc/Stany-Zjednoczone-uznaja-Jerozolime-za-stolice-Izraela-4044133.html;W oœwiadczeniu podkreœlono, ¿e krok podjêty przez stronê amerykañsk¹ narusza miêdzynarodowe rezolucje.
Stany Zjednoczone uznaj¹ Jerozolimê za stolicê Izraela  - Bankier.pl;2017-12-06 19:25;https://www.bankier.pl/wiadomosc/Stany-Zjednoczone-uznaja-Jerozolime-za-stolice-Izraela-4044133.html;"Najwy¿szy przywódca duchowo-polityczny Iranu ajatollah Ali Chamenei powiedzia³ wczeœniej w œrodê, ¿e Stany Zjednoczone próbuj¹ destabilizowaæ region i wszcz¹æ wojnê, by chroniæ bezpieczeñstwo Izraela. Doda³, ¿e Palestyna zostanie wyzwolona, Palestyñczycy zwyciê¿¹, a decyzja USA ""œwiadczy o braku kompetencji i jest b³êdem""."
Stany Zjednoczone uznaj¹ Jerozolimê za stolicê Izraela  - Bankier.pl;2017-12-06 19:25;https://www.bankier.pl/wiadomosc/Stany-Zjednoczone-uznaja-Jerozolime-za-stolice-Izraela-4044133.html;"""Iran nie mo¿e i nie zamierza siedzieæ cicho"" - zaznaczy³ prezydent Iranu Hasan Rowhani."
Stany Zjednoczone uznaj¹ Jerozolimê za stolicê Izraela  - Bankier.pl;2017-12-06 19:25;https://www.bankier.pl/wiadomosc/Stany-Zjednoczone-uznaja-Jerozolime-za-stolice-Izraela-4044133.html;"Zaapelowa³ do wszystkich muzu³manów i Organizacji Wspó³pracy Islamskiej, by zjednoczyli siê w obliczu ""amerykañsko-syjonistycznej zmowy"". Jego zdaniem tak¿e Palestyñczycy powinni ""z wiêksz¹ ni¿ dot¹d odwag¹"" protestowaæ przeciwko planowanej decyzji USA."
Stany Zjednoczone uznaj¹ Jerozolimê za stolicê Izraela  - Bankier.pl;2017-12-06 19:25;https://www.bankier.pl/wiadomosc/Stany-Zjednoczone-uznaja-Jerozolime-za-stolice-Izraela-4044133.html;"Chamenei wczeœniej we wtorek oceni³, ¿e zamiar przeniesienia przez USA ambasady z Tel Awiwu do Jerozolimy to b³¹d i oznaka braku kompetencji. Jak powiedzia³, USA chc¹ rozpocz¹æ wojnê w regionie, ¿eby chroniæ bezpieczeñstwo ""re¿imu syjonistycznego"", ale Palestyna ""zostanie wyzwolona"", a Palestyñczycy zwyciê¿¹."
Stany Zjednoczone uznaj¹ Jerozolimê za stolicê Izraela  - Bankier.pl;2017-12-06 19:25;https://www.bankier.pl/wiadomosc/Stany-Zjednoczone-uznaja-Jerozolime-za-stolice-Izraela-4044133.html;"Minister spraw zagranicznych Witold Waszczykowski powiedzia³ w œrodê w Brukseli, ¿e Polska ""w dalszym ci¹gu uwa¿a, ¿e stolic¹ Izraela jest Tel-Awiw"". W ten sposób odpowiedzia³ na pytanie dotycz¹ce planów przeniesienia ambasady amerykañskiej z Tel Awiwu do Jerozolimy."
Stany Zjednoczone uznaj¹ Jerozolimê za stolicê Izraela  - Bankier.pl;2017-12-06 19:25;https://www.bankier.pl/wiadomosc/Stany-Zjednoczone-uznaja-Jerozolime-za-stolice-Izraela-4044133.html;"Waszczykowski by³ pytany o kwestiê planów przeniesienia ambasady USA z Tel-Awiwu do Jerozolimy. Dopytywany o polskie stanowisko w tej sprawie odpowiedzia³, ¿e Polska ""w dalszym ci¹gu uwa¿a, ¿e stolic¹ Izraela jest Tel Awiw""."
Stany Zjednoczone uznaj¹ Jerozolimê za stolicê Izraela  - Bankier.pl;2017-12-06 19:25;https://www.bankier.pl/wiadomosc/Stany-Zjednoczone-uznaja-Jerozolime-za-stolice-Izraela-4044133.html;"sas.render('42700');  // Format : Banner_645x80 645x80





""W Tel Awiwie utrzymujemy nasz¹ ambasadê. Natomiast bierzemy pod uwagê fakt, ¿e g³ówne instytucje pañstwa izraelskiego s¹ umieszczone w Jerozolimie. W zwi¹zku z tym, jeœli jedziemy na rozmowy oficjalne, to spotykamy siê w Jerozolimie, poniewa¿ tam s¹ ulokowane instytucje. Natomiast jesteœmy zainteresowani w dalszym ci¹gu sukcesem procesu pokojowego na Bliskim Wschodzie, który niestety trwa od kilkudziesiêciu lat, a konflikt jeszcze d³u¿ej. Nasze stanowisko jest jednoznaczne: chcielibyœmy, aby ta kwestia zosta³a rozstrzygniêta poprzez rokowania dwustronne miêdzy Izraelem i Palestyñczykami, jesteœmy za utrzymaniem granicy z 1967 roku, (...) oczywiœcie z pewnymi korektami, które na pewno ¿ycie ju¿ wymusi. Nie jesteœmy naiwni, mamy œwiadomoœæ, ¿e po kilkudziesiêciu latach pewne korekty musz¹ nast¹piæ. Zreszt¹ to samo utrzymuje strona palestyñska i arabska, bo przed laty mieliœmy takie koncepcje jak ziemia za pokój"" - doda³."
Stany Zjednoczone uznaj¹ Jerozolimê za stolicê Izraela  - Bankier.pl;2017-12-06 19:25;https://www.bankier.pl/wiadomosc/Stany-Zjednoczone-uznaja-Jerozolime-za-stolice-Izraela-4044133.html;PAP/ IAR/
Bankowcy: Banki w 2030 r. bêd¹ dla klienta niewidoczne, ale wa¿ne - Bankier.pl;2017-12-06 19:15;https://www.bankier.pl/wiadomosc/Bankowcy-Banki-w-2030-r-beda-dla-klienta-niewidoczne-ale-wazne-4044126.html;W kontekœcie rozwoju nowoczesnych technologii banki w 2030 r. bêd¹ dla klienta niewidoczne, ale wa¿ne - mówili w œrodê bankowcy na kongresie Impact fintech'17 w Katowicach. Za kluczowe, te¿ w kontekœcie nowych technologii, uznali budowanie przez banki zaufania do nich.
Bankowcy: Banki w 2030 r. bêd¹ dla klienta niewidoczne, ale wa¿ne - Bankier.pl;2017-12-06 19:15;https://www.bankier.pl/wiadomosc/Bankowcy-Banki-w-2030-r-beda-dla-klienta-niewidoczne-ale-wazne-4044126.html;Termin fintech odnosi siê do rozwi¹zañ informatycznych dla sektora finansowego. Chodzi m.in. o rozwi¹zania dla bankowoœci, ubezpieczeñ, zarz¹dzania aktywami i rynków kapita³owych, pozyskiwanie kapita³u, finanse osobiste, p³atnoœci, dane i analitykê oraz cyberbezpieczeñstwo. Na kongresie w Katowicach dyskutowano o przysz³oœci tej bran¿y.
Bankowcy: Banki w 2030 r. bêd¹ dla klienta niewidoczne, ale wa¿ne - Bankier.pl;2017-12-06 19:15;https://www.bankier.pl/wiadomosc/Bankowcy-Banki-w-2030-r-beda-dla-klienta-niewidoczne-ale-wazne-4044126.html;Jeden z paneli Impact fintech'17 dotyczy³ wizji bankowców, jak - ich zdaniem - bankowoœæ i banki bêd¹ wygl¹da³y w 2030 r. Prezes mBanku Cezary Stypu³kowski oceni³, ¿e jest stosunkowo optymistyczny, co do przysz³oœci sektora. Jak diagnozowa³, pojawiaj¹ce siê nowe technologie pomagaj¹ bankom, koncentruj¹c siê na lepszym zrozumieniu zachowañ klientów.
Bankowcy: Banki w 2030 r. bêd¹ dla klienta niewidoczne, ale wa¿ne - Bankier.pl;2017-12-06 19:15;https://www.bankier.pl/wiadomosc/Bankowcy-Banki-w-2030-r-beda-dla-klienta-niewidoczne-ale-wazne-4044126.html;Przysz³oœæ to taki bank, który zajmuje siê ca³oœciowo wszystkimi p³atnoœciami klienta - uzna³ Stypu³kowski. Zastrzeg³, ¿e banki musz¹ mieæ zaufanie, odbudowaæ wiarygodnoœæ naruszon¹ podczas kryzysu. Jego zdaniem, bank w 2030 r. powinien byæ dla klienta niewidoczny, ale wa¿ny - klient powinien mieæ pewnoœæ, ¿e w banku bêdzie ktoœ opiekuj¹cy siê jego pieniêdzmi i obs³uguj¹cy wszelkie sprawy z nimi zwi¹zane.
Bankowcy: Banki w 2030 r. bêd¹ dla klienta niewidoczne, ale wa¿ne - Bankier.pl;2017-12-06 19:15;https://www.bankier.pl/wiadomosc/Bankowcy-Banki-w-2030-r-beda-dla-klienta-niewidoczne-ale-wazne-4044126.html;Zdaniem Szymona Wa³acha, dyrektora pionu klienta detalicznego w PKO Banku Polskim, banki musz¹ zastanowiæ siê, jak mog¹ wykorzystywaæ technologie, aby byæ dla klienta bardziej osobistymi i mieæ dla niego wagê, znaczenie. Zobrazowa³ to dotychczasowym podejœciem, ¿e ludzie potrzebuj¹ kredytów mieszkaniowych. Potrzebuj¹ nie kredytu, lecz mieszkania - wskaza³. Nie zawsze bêd¹ to wiêc produkty bankowe - oceni³.
Bankowcy: Banki w 2030 r. bêd¹ dla klienta niewidoczne, ale wa¿ne - Bankier.pl;2017-12-06 19:15;https://www.bankier.pl/wiadomosc/Bankowcy-Banki-w-2030-r-beda-dla-klienta-niewidoczne-ale-wazne-4044126.html;Wiceprezes ING Banku Œl¹skiego Micha³ Boles³awski mówi³ m.in., ¿e ING Bank Œl¹ski stara siê wspó³pracowaæ z innowacyjnymi start-upami, wychodz¹c z za³o¿enia, ¿e bank jako instytucja nie jest na tyle rzutki i elastyczny, by samodzielnie prowadziæ tak¹ dzia³alnoœæ. Wyrazi³ nadziejê, ¿e da to korzyœci w przysz³oœci.
Bankowcy: Banki w 2030 r. bêd¹ dla klienta niewidoczne, ale wa¿ne - Bankier.pl;2017-12-06 19:15;https://www.bankier.pl/wiadomosc/Bankowcy-Banki-w-2030-r-beda-dla-klienta-niewidoczne-ale-wazne-4044126.html;Gdañski wskaza³, ¿e BG¯ BNP Paribas widzi m.in. pole do inwestycji w poprawê procesów wewnêtrznych - musz¹ byæ l¿ejsze, szybsze, prostsze dla klienta. Wa³ach akcentowa³, ¿e PKO BP testuje wiele technologii, tak¿e blockchain, jednak takich rozwi¹zañ, jak sztuczna inteligencja, choæ czêœciowo ju¿ wykorzystywana przez banki, ucz¹ siê wci¹¿ najwiêksi giganci.
Bankowcy: Banki w 2030 r. bêd¹ dla klienta niewidoczne, ale wa¿ne - Bankier.pl;2017-12-06 19:15;https://www.bankier.pl/wiadomosc/Bankowcy-Banki-w-2030-r-beda-dla-klienta-niewidoczne-ale-wazne-4044126.html;autor: Mateusz Babak
Bankowcy: Banki w 2030 r. bêd¹ dla klienta niewidoczne, ale wa¿ne - Bankier.pl;2017-12-06 19:15;https://www.bankier.pl/wiadomosc/Bankowcy-Banki-w-2030-r-beda-dla-klienta-niewidoczne-ale-wazne-4044126.html;edytor: Marek Micha³owski
Bankowcy: Banki w 2030 r. bêd¹ dla klienta niewidoczne, ale wa¿ne - Bankier.pl;2017-12-06 19:15;https://www.bankier.pl/wiadomosc/Bankowcy-Banki-w-2030-r-beda-dla-klienta-niewidoczne-ale-wazne-4044126.html;mtb/ maro/
Komisja Europejska pozwie Polskê za odmowê przyjêcia uchodŸców? - Bankier.pl;2017-12-06 19:07;https://www.bankier.pl/wiadomosc/Komisja-Europejska-pozwie-Polske-za-odmowe-przyjecia-uchodzcow-4044121.html;Bêdzie pozew Komisji Europejskiej przeciwko Polsce za odmowê przyjêcia uchodŸców - dowiedzia³o siê nieoficjalnie Polskie Radio. Szefowie gabinetów komisarzy uzgodnili decyzjê w tej sprawie, która w czwartek ma byæ oficjalnie zatwierdzona przez komisarzy. O podobnym postanowieniu Komisji Europejskiej informuje PAP, powo³uj¹c siê na swoje Ÿród³a w Komisji.
Komisja Europejska pozwie Polskê za odmowê przyjêcia uchodŸców? - Bankier.pl;2017-12-06 19:07;https://www.bankier.pl/wiadomosc/Komisja-Europejska-pozwie-Polske-za-odmowe-przyjecia-uchodzcow-4044121.html;"KE wszczê³a w po³owie czerwca procedurê wobec w³adz w Warszawie, a tak¿e w Pradze i Budapeszcie o naruszenie prawa unijnego. Bruksela zdecydowa³a siê na taki krok w zwi¹zku z niewywi¹zywaniem siê Polski, Czech i Wêgier ze ""spoczywaj¹cych na nich obowi¹zków zwi¹zanych z relokacj¹ uchodŸców""."
Komisja Europejska pozwie Polskê za odmowê przyjêcia uchodŸców? - Bankier.pl;2017-12-06 19:07;https://www.bankier.pl/wiadomosc/Komisja-Europejska-pozwie-Polske-za-odmowe-przyjecia-uchodzcow-4044121.html;Od paru miesiêcy trwa³a wymiana pism w tej sprawie. Unijny komisarz ds. migracji Dimitris Awramopulos kilkakrotnie apelowa³ do tych pañstw o wywi¹zanie siê z obowi¹zku. Argumentacja Komisji zosta³a wzmocniona we wrzeœniu, po tym, gdy unijny Trybuna³ Sprawiedliwoœci oddali³ skargi S³owacji i Wêgier na decyzjê relokacyjn¹, uznaj¹c, ¿e przyczynia³a siê ona do sprostania przez Grecjê i W³ochy kryzysowi migracyjnemu z 2015 roku.
Komisja Europejska pozwie Polskê za odmowê przyjêcia uchodŸców? - Bankier.pl;2017-12-06 19:07;https://www.bankier.pl/wiadomosc/Komisja-Europejska-pozwie-Polske-za-odmowe-przyjecia-uchodzcow-4044121.html;Warszawa z kolei wnios³a o umorzenie przez KE postêpowania. MSZ deklarowa³o jednoczeœnie, ¿e jeœli tak siê nie stanie, rz¹d jest gotowy do obrony polskiego stanowiska przed Trybuna³em. Rz¹d w pismach do Komisji podkreœla³, ¿e nie jest w stanie wykonaæ decyzji w tej sprawie i jednoczeœnie w³aœciwie wykonywaæ obowi¹zków dotycz¹cych zapewnienia bezpieczeñstwa publicznego.
Komisja Europejska pozwie Polskê za odmowê przyjêcia uchodŸców? - Bankier.pl;2017-12-06 19:07;https://www.bankier.pl/wiadomosc/Komisja-Europejska-pozwie-Polske-za-odmowe-przyjecia-uchodzcow-4044121.html;W³adze Polski wskazywa³y na swoje rozumienie zasady solidarnoœci w tej sprawie, która - wed³ug nich - powinna polegaæ na udzielaniu pomocy w naprawie b³êdów systemu azylowego danego pañstwa cz³onkowskiego. Polska przypomina w tym kontekœcie o wysy³aniu ekspertów, którzy maj¹ wspieraæ organy azylowe we W³oszech i Grecji, a tak¿e o przekazywaniu pomocy humanitarnej do pañstw dotkniêtych kryzysem.
Komisja Europejska pozwie Polskê za odmowê przyjêcia uchodŸców? - Bankier.pl;2017-12-06 19:07;https://www.bankier.pl/wiadomosc/Komisja-Europejska-pozwie-Polske-za-odmowe-przyjecia-uchodzcow-4044121.html;W Radzie UE trwaj¹ prace nad reform¹ systemu azylowego. Estoñska prezydencja przedstawi³a w ubieg³ym tygodniu propozycjê kompromisu, która przewiduje po³o¿enie wiêkszego nacisku na zapobieganie kryzysom, ale nie rezygnuje zupe³nie z mechanizmu relokacji.
Komisja Europejska pozwie Polskê za odmowê przyjêcia uchodŸców? - Bankier.pl;2017-12-06 19:07;https://www.bankier.pl/wiadomosc/Komisja-Europejska-pozwie-Polske-za-odmowe-przyjecia-uchodzcow-4044121.html;Parlament Europejski wskaza³ w swoim przyjêtym w ubieg³ym miesi¹cu stanowisku, ¿e kraje Unii Europejskiej, które odmawiaj¹ relokacji uchodŸców, bêd¹ musia³y siê liczyæ z zagro¿eniem utraty funduszy unijnych.
Komisja Europejska pozwie Polskê za odmowê przyjêcia uchodŸców? - Bankier.pl;2017-12-06 19:07;https://www.bankier.pl/wiadomosc/Komisja-Europejska-pozwie-Polske-za-odmowe-przyjecia-uchodzcow-4044121.html;Komisja Europejska zaproponowa³a reformê unijnej polityki azylowej, zak³adaj¹cej wprowadzenie sta³ego systemu dystrybucji uchodŸców w maju 2016 r. Celem ma byæ bardziej sprawiedliwe i solidarne roz³o¿enie miêdzy pañstwa UE ciê¿arów zwi¹zanych z nap³ywem migrantów. Zgodnie z obecnie obowi¹zuj¹cym rozporz¹dzeniem dubliñskim odpowiedzialnoœæ za rozpatrzenie wniosku o azyl i opiekê nad uchodŸc¹ spoczywa na tym pañstwie, w którym uchodŸca przekroczy granicê UE. To sprawia, ¿e najbardziej obci¹¿one s¹ pañstwa przy zewnêtrznych granicach unijnych.
Komisja Europejska pozwie Polskê za odmowê przyjêcia uchodŸców? - Bankier.pl;2017-12-06 19:07;https://www.bankier.pl/wiadomosc/Komisja-Europejska-pozwie-Polske-za-odmowe-przyjecia-uchodzcow-4044121.html;Postanowienie o relokacji uchodŸców, za które Polska ma mieæ sprawê w Trybunale, zosta³o przyjête we wrzeœniu 2015 roku przez Radê UE, w której uczestniczyli unijni ministrowie spraw wewnêtrznych. W przypadku tej decyzji zastosowano g³osowanie wiêkszoœci¹ g³osów. Przeciwko kwotowemu rozmieszczeniu uchodŸców by³y Czechy, S³owacja, Rumunia oraz Wêgry. Polska odmówi³a, podobnie jak Wêgry, przyjmowania w ramach tej decyzji uchodŸców. Czechy przyjê³y bardzo niewielk¹ liczbê.
Komisja Europejska pozwie Polskê za odmowê przyjêcia uchodŸców? - Bankier.pl;2017-12-06 19:07;https://www.bankier.pl/wiadomosc/Komisja-Europejska-pozwie-Polske-za-odmowe-przyjecia-uchodzcow-4044121.html;"Na pocz¹tku wyœmiewano nasz¹ politykê w dziedzinie migracji; dzisiaj Europa mówi w tej sprawie naszym g³osem - powiedzia³a w œrodê premier Beata Szyd³o. Doda³a, ¿e jej rz¹d myœli z trosk¹ o przysz³oœci UE i chce otwarcie mówiæ o tym, co trzeba w niej poprawiæ."
Komisja Europejska pozwie Polskê za odmowê przyjêcia uchodŸców? - Bankier.pl;2017-12-06 19:07;https://www.bankier.pl/wiadomosc/Komisja-Europejska-pozwie-Polske-za-odmowe-przyjecia-uchodzcow-4044121.html;W rozmowie z Telewizj¹ Trwam szefowa polskiego rz¹du broni³a m.in. polityki zagranicznej swojego rz¹du.
Komisja Europejska pozwie Polskê za odmowê przyjêcia uchodŸców? - Bankier.pl;2017-12-06 19:07;https://www.bankier.pl/wiadomosc/Komisja-Europejska-pozwie-Polske-za-odmowe-przyjecia-uchodzcow-4044121.html;"""Ja czêsto s³yszê takie narzekanie z ró¿nych stron, ale najczêœciej oczywiœcie wypowiadaj¹ to (...) politycy totalnej opozycji, ¿e oto pozycja Polski w Europie i na œwiecie dramatycznie spada, ¿e siê z nami nikt nie liczy. Muszê powiedzieæ, ¿e s³ucham takich g³osów ze zdziwieniem"" - mówi³a Szyd³o."
Komisja Europejska pozwie Polskê za odmowê przyjêcia uchodŸców? - Bankier.pl;2017-12-06 19:07;https://www.bankier.pl/wiadomosc/Komisja-Europejska-pozwie-Polske-za-odmowe-przyjecia-uchodzcow-4044121.html;"Wskaza³a w tym kontekœcie, ¿e to dziêki dzia³aniom i determinacji jej rz¹du dosz³o do zmiany europejskiej polityki w dziedzinie migracji. ""Kiedy wskazywaliœmy, jakie sposoby wyjœcia z tego kryzysu powinny byæ podjête, na pocz¹tku nas wyœmiewano, mówiono, ¿e jesteœmy odosobnieni, mówiono, ¿e nie mamy racji"" - powiedzia³a."
Komisja Europejska pozwie Polskê za odmowê przyjêcia uchodŸców? - Bankier.pl;2017-12-06 19:07;https://www.bankier.pl/wiadomosc/Komisja-Europejska-pozwie-Polske-za-odmowe-przyjecia-uchodzcow-4044121.html;"Tymczasem dzisiaj - zdaniem premier - Europa mówi w tej sprawie ""naszym g³osem"". ""Bo ta refleksja ju¿ przysz³a, ale przysz³a ta refleksja dlatego, ¿e znalaz³ siê ktoœ odwa¿ny - ktoœ tak odwa¿ny, jak minister spraw wewnêtrznych i administracji Mariusz B³aszczak na komitecie ministrów spraw wewnêtrznych odpowiadaj¹cych za politykê migracyjn¹ w poszczególnych krajach i potem ja na Radach Europejskich, kiedy g³oœno mówiliœmy: nie tak, nie têdy idŸmy, chodŸmy inn¹ drog¹, t¹, której potrzebuj¹ ludzie, a nie politycy"" - podkreœli³a."
Komisja Europejska pozwie Polskê za odmowê przyjêcia uchodŸców? - Bankier.pl;2017-12-06 19:07;https://www.bankier.pl/wiadomosc/Komisja-Europejska-pozwie-Polske-za-odmowe-przyjecia-uchodzcow-4044121.html;"Szefowa rz¹du broni³a siê tak¿e przed zarzutami, ¿e Polacy wobec uchodŸców nie s¹ dobrymi chrzeœcijanami, bo nie pomagaj¹ potrzebuj¹cym. ""Polska prowadzi politykê humanitarn¹ naprawdê na bardzo wysokim poziomie i polski rz¹d, rz¹d PiS przeznacza naprawdê ogromne kwoty, ¿eby ludziom pomagaæ"" - przekonywa³a."
Komisja Europejska pozwie Polskê za odmowê przyjêcia uchodŸców? - Bankier.pl;2017-12-06 19:07;https://www.bankier.pl/wiadomosc/Komisja-Europejska-pozwie-Polske-za-odmowe-przyjecia-uchodzcow-4044121.html;"Zapewni³a jednoczeœnie, ¿e polski rz¹d myœli ""z trosk¹ ogromn¹"" o przysz³oœci UE. ""Dlatego ¿e mieszkamy tutaj, w Europie, i zale¿y nam na tym, ¿eby w Europie by³ pokój, ¿eby by³o bezpiecznie, cieszymy siê, ¿e mo¿emy korzystaæ z dobrodziejstw UE, ale nie boimy siê te¿ mówiæ o kryzysach w UE i o tym, co trzeba poprawiæ, bo ka¿dy dobry gospodarz stara siê tam, gdzie s¹ b³êdy, te b³êdy poprawiaæ i zabiegaæ o swoje gospodarstwo, i tak powinniœmy czyniæ wszyscy"" - podkreœla³a."
Komisja Europejska pozwie Polskê za odmowê przyjêcia uchodŸców? - Bankier.pl;2017-12-06 19:07;https://www.bankier.pl/wiadomosc/Komisja-Europejska-pozwie-Polske-za-odmowe-przyjecia-uchodzcow-4044121.html;PAP/ IAR/
"Od 2018 r. za program ""Rodzina 500+"" bêd¹ odpowiadaæ wojewodowie - Bankier.pl";2017-12-06 18:55;https://www.bankier.pl/wiadomosc/Od-2018-r-za-program-Rodzina-500-beda-odpowiadac-wojewodowie-4044113.html;"Od 2018 roku to wojewodowie, a nie marsza³kowie województw, bêd¹ odpowiadaæ za realizacjê programu ""Rodzina 500+""; zmiany maj¹ zapewniæ lepsz¹ organizacjê rozpatrywania wniosków i wp³yn¹æ na ich terminowe rozpatrywanie - poinformowa³o MRPiPS."
"Od 2018 r. za program ""Rodzina 500+"" bêd¹ odpowiadaæ wojewodowie - Bankier.pl";2017-12-06 18:55;https://www.bankier.pl/wiadomosc/Od-2018-r-za-program-Rodzina-500-beda-odpowiadac-wojewodowie-4044113.html;"W zwi¹zku z powy¿szym Regionalne Oœrodki Polityki Spo³ecznej przekazuj¹ wszystkie sprawy zwi¹zane z programem ""Rodzina 500+"" urzêdom wojewódzkim. ""Tym samym, w sprawach indywidualnych po 1 stycznia 2018 r. osoby powinny kontaktowaæ siê bezpoœrednio z Urzêdem Wojewódzkim"" - poinformowa³o w œrodê MRPiPS."
"Od 2018 r. za program ""Rodzina 500+"" bêd¹ odpowiadaæ wojewodowie - Bankier.pl";2017-12-06 18:55;https://www.bankier.pl/wiadomosc/Od-2018-r-za-program-Rodzina-500-beda-odpowiadac-wojewodowie-4044113.html;Jednoczeœnie przypomniano, ¿e resort nie rozpatruje spraw indywidualnych oraz odwo³añ lub za¿aleñ na decyzje lub postanowienia dotycz¹ce wyp³aty œwiadczenia 500+.
"Od 2018 r. za program ""Rodzina 500+"" bêd¹ odpowiadaæ wojewodowie - Bankier.pl";2017-12-06 18:55;https://www.bankier.pl/wiadomosc/Od-2018-r-za-program-Rodzina-500-beda-odpowiadac-wojewodowie-4044113.html;Wniosek o œwiadczenie wychowawcze - tak jak dot¹d - mo¿na sk³adaæ bezpoœrednio w gminie, wys³aæ poczt¹ lub on-line: za pomoc¹ portalu informacyjnous³ugowego MRPiPS Emp@tia, bankowoœci elektronicznej, profilu zaufanego oraz Platformy Us³ug Elektronicznych ZUS (PUE ZUS).
"Od 2018 r. za program ""Rodzina 500+"" bêd¹ odpowiadaæ wojewodowie - Bankier.pl";2017-12-06 18:55;https://www.bankier.pl/wiadomosc/Od-2018-r-za-program-Rodzina-500-beda-odpowiadac-wojewodowie-4044113.html;"Jeszcze przed wprowadzeniem zmiany oœrodka odpowiedzialnego za realizacjê programu ""Rodzina 500+"", szefowa MRPiPS El¿bieta Rafalska mówi³a: ""mamy u marsza³ków 50 tys. zaleg³ych wniosków, d³ugi termin rozpatrywania ich, rosn¹ce koszty prowadzenia tego zadania"". ""Widzimy, ¿e koordynacja systemu zabezpieczenia spo³ecznego bêdzie narastaæ, bêdzie coraz wiêcej tych wniosków. Chcemy sami prowadziæ to zadanie i zagwarantowaæ szybsz¹ obs³ugê tych wniosków"" - argumentowa³a latem minister."
"Od 2018 r. za program ""Rodzina 500+"" bêd¹ odpowiadaæ wojewodowie - Bankier.pl";2017-12-06 18:55;https://www.bankier.pl/wiadomosc/Od-2018-r-za-program-Rodzina-500-beda-odpowiadac-wojewodowie-4044113.html;"1 paŸdziernika rozpocz¹³ siê nowy okres œwiadczeniowy w programie ""Rodzina 500+"". Do programu mo¿na do³¹czyæ w ka¿dej chwili, ale na wyp³atê œwiadczenia z wyrównaniem od paŸdziernika mog¹ liczyæ tylko te rodziny, które z³o¿y³y wniosek o wsparcie najpóŸniej do koñca paŸdziernika."
"Od 2018 r. za program ""Rodzina 500+"" bêd¹ odpowiadaæ wojewodowie - Bankier.pl";2017-12-06 18:55;https://www.bankier.pl/wiadomosc/Od-2018-r-za-program-Rodzina-500-beda-odpowiadac-wojewodowie-4044113.html;W nowym okresie œwiadczeniowym wyprowadzono kilka zmian dotycz¹cych 500+, jedna z nich dotyczy rodziców samotnie wychowuj¹cych dzieci. Aby otrzymaæ œwiadczenie, musz¹ oni do wniosku do³¹czyæ pochodz¹cy od s¹du lub zatwierdzony przez s¹d tytu³ wykonawczy ustalaj¹cy alimenty na dziecko od drugiego rodzica. Jeœli zaœwiadczenie takie nie zostanie do³¹czone do wniosku, urz¹d go przyjmie, ale wezwie do uzupe³nienia tego braku w terminie 3 miesiêcy.
"Od 2018 r. za program ""Rodzina 500+"" bêd¹ odpowiadaæ wojewodowie - Bankier.pl";2017-12-06 18:55;https://www.bankier.pl/wiadomosc/Od-2018-r-za-program-Rodzina-500-beda-odpowiadac-wojewodowie-4044113.html;Analogiczne regulacje dotycz¹ ustalania prawa do zasi³ku rodzinnego i jednorazowej zapomogi z tytu³u urodzenia siê dziecka.
"Od 2018 r. za program ""Rodzina 500+"" bêd¹ odpowiadaæ wojewodowie - Bankier.pl";2017-12-06 18:55;https://www.bankier.pl/wiadomosc/Od-2018-r-za-program-Rodzina-500-beda-odpowiadac-wojewodowie-4044113.html;"G³ówne zasady programu ""Rodzina 500+"" pozosta³y bez zmian; wci¹¿ jest to nieopodatkowane œwiadczenie w wysokoœci 500 z³, wyp³acane bez kryterium dochodowego na drugie i kolejne dziecko do 18. roku ¿ycia. Kryterium dochodowe obowi¹zuj¹ce przy pierwszym dziecku wynosi 800 lub 1200 z³ w przypadku dziecka niepe³nosprawnego."
"Od 2018 r. za program ""Rodzina 500+"" bêd¹ odpowiadaæ wojewodowie - Bankier.pl";2017-12-06 18:55;https://www.bankier.pl/wiadomosc/Od-2018-r-za-program-Rodzina-500-beda-odpowiadac-wojewodowie-4044113.html;autor: Grzegorz Dyjak
"Od 2018 r. za program ""Rodzina 500+"" bêd¹ odpowiadaæ wojewodowie - Bankier.pl";2017-12-06 18:55;https://www.bankier.pl/wiadomosc/Od-2018-r-za-program-Rodzina-500-beda-odpowiadac-wojewodowie-4044113.html;gdyj/ js/
Œl¹skie: najni¿sza emerytura 10 gr, najwy¿sza 15 tys. z³ - Bankier.pl;2017-12-06 18:40;https://www.bankier.pl/wiadomosc/Slaskie-najnizsza-emerytura-10-gr-najwyzsza-15-tys-zl-4044098.html;Zaledwie 10 groszy wynosi emerytura wyp³acana przez odzia³ ZUS w Rybniku. Pobiera j¹ 63-letnia kobieta. Najwy¿sza wyp³acana w woj. œl¹skim emerytura wynosi ponad 15 tys. z³ brutto. Pobiera j¹ mê¿czyzna, który przesta³ pracowaæ w wieku 77 lat.
Œl¹skie: najni¿sza emerytura 10 gr, najwy¿sza 15 tys. z³ - Bankier.pl;2017-12-06 18:40;https://www.bankier.pl/wiadomosc/Slaskie-najnizsza-emerytura-10-gr-najwyzsza-15-tys-zl-4044098.html;Informacjê o najni¿szych i najwy¿szych emeryturach wyp³acanych przez szeœæ oddzia³ów ZUS, zlokalizowanych w województwie œl¹skim, przekaza³a w œrodê PAP regionalna rzeczniczka ZUS Aldona Wêgrzynowicz.
Œl¹skie: najni¿sza emerytura 10 gr, najwy¿sza 15 tys. z³ - Bankier.pl;2017-12-06 18:40;https://www.bankier.pl/wiadomosc/Slaskie-najnizsza-emerytura-10-gr-najwyzsza-15-tys-zl-4044098.html;"Od 1 marca 2017 r. minimalna emerytura wynosi 1 tys. z³; ni¿sze emerytury mog¹ byæ wyp³acane, gdy nie zosta³y spe³nione ustawowe kryteria uprawniaj¹ce do œwiadczenia minimalnego, czyli np. brak jest wymaganego okresu op³acania sk³adek."
Œl¹skie: najni¿sza emerytura 10 gr, najwy¿sza 15 tys. z³ - Bankier.pl;2017-12-06 18:40;https://www.bankier.pl/wiadomosc/Slaskie-najnizsza-emerytura-10-gr-najwyzsza-15-tys-zl-4044098.html;Kobieta, której emerytura wynosi 10 groszy, nie ma ustalonego kapita³u pocz¹tkowego, poniewa¿ nie udowodni³a ¿adnych okresów sk³adkowych przed 1999 r. Podlega³a wprawdzie obowi¹zkowi ubezpieczeñ spo³ecznych z tytu³u prowadzonej przez siebie dzia³alnoœci gospodarczej - okres rejestracji od 2010 r. do 2016 r. - ale nie dope³ni³a tego obowi¹zku. Przebieg ubezpieczenia za okres op³aconych sk³adek na ubezpieczenia spo³eczne wynosi w jej przypadku jedynie cztery dni.
Œl¹skie: najni¿sza emerytura 10 gr, najwy¿sza 15 tys. z³ - Bankier.pl;2017-12-06 18:40;https://www.bankier.pl/wiadomosc/Slaskie-najnizsza-emerytura-10-gr-najwyzsza-15-tys-zl-4044098.html;Oddzia³ ZUS w Chorzowie wyp³aca z kolei emeryturê w wysokoœci 1,75 z³. Pobiera j¹ kobieta, która na przestrzeni ca³ego swojego ¿ycia udokumentowa³a jedynie nieca³y miesi¹c pracy na umowê-zlecenie i nieca³y miesi¹c pobierania stypendium, od którego odprowadzono sk³adki na ubezpieczenie spo³eczne.
Œl¹skie: najni¿sza emerytura 10 gr, najwy¿sza 15 tys. z³ - Bankier.pl;2017-12-06 18:40;https://www.bankier.pl/wiadomosc/Slaskie-najnizsza-emerytura-10-gr-najwyzsza-15-tys-zl-4044098.html;"Jak przyznaje Aldona Wêgrzynowicz, tak niskie emerytury stanowi¹ problem organizacyjny, bo wysy³anie ich co miesi¹c mo¿e byæ nieop³acalne, ale co do zasady œwiadczenie emerytalne powinno byæ wyp³acane co miesi¹c. ""W takich sytuacjach kontaktujemy siê z tak¹ osob¹ i ustalamy z ni¹ indywidualnie formê wyp³aty"" - wyjaœni³a."
Œl¹skie: najni¿sza emerytura 10 gr, najwy¿sza 15 tys. z³ - Bankier.pl;2017-12-06 18:40;https://www.bankier.pl/wiadomosc/Slaskie-najnizsza-emerytura-10-gr-najwyzsza-15-tys-zl-4044098.html;Najwy¿sz¹ emeryturê w woj. œl¹skim - ponad 15 tys. z³ brutto - otrzymuje obecnie z oddzia³u ZUS w Chorzowie mê¿czyzna, który przeszed³ na emeryturê w wieku 77 lat. Wp³yw na wysokoœæ jego emerytury maj¹: wysoki kapita³ pocz¹tkowy oraz bardzo wysokie sk³adki na ubezpieczenie spo³eczne po 1998 r. £¹czny sta¿ mê¿czyzny wynosi ponad 52 lata okresów sk³adkowych i 4 lata okresów niesk³adkowych.
Œl¹skie: najni¿sza emerytura 10 gr, najwy¿sza 15 tys. z³ - Bankier.pl;2017-12-06 18:40;https://www.bankier.pl/wiadomosc/Slaskie-najnizsza-emerytura-10-gr-najwyzsza-15-tys-zl-4044098.html;Drug¹ co do wysokoœci emeryturê w województwie - ponad 13 tys. z³ brutto - otrzymuje mê¿czyzna urodzony w 1938 r. Mê¿czyzna udokumentowa³ ponad 56-letni okres podlegania ubezpieczeniom spo³ecznym. Ustalona wysokoœæ emerytury wynika z wartoœci kapita³u pocz¹tkowego, który zosta³ ustalony na dzieñ 1 stycznia 1999 r. oraz wartoœci zgromadzonych sk³adek na indywidualnym koncie emerytalnym z uwzglêdnieniem waloryzacji.
Œl¹skie: najni¿sza emerytura 10 gr, najwy¿sza 15 tys. z³ - Bankier.pl;2017-12-06 18:40;https://www.bankier.pl/wiadomosc/Slaskie-najnizsza-emerytura-10-gr-najwyzsza-15-tys-zl-4044098.html;Za nim plasuje siê emeryt podlegaj¹cy ZUS-owi w Bielsku-Bia³ej ze œwiadczeniem w wysokoœci ponad 11 tys. z³ brutto. Pan urodzony przed 1949r. pobiera emeryturê obliczon¹ wed³ug zreformowanych zasad, ma ponad 55 lat sta¿u pracy i wysok¹ podstaw¹ wymiaru sk³adek.
Œl¹skie: najni¿sza emerytura 10 gr, najwy¿sza 15 tys. z³ - Bankier.pl;2017-12-06 18:40;https://www.bankier.pl/wiadomosc/Slaskie-najnizsza-emerytura-10-gr-najwyzsza-15-tys-zl-4044098.html;"""Wiem jednak, ¿e w jednym z województw to kobieta pobiera najwy¿sz¹ emeryturê, siêgaj¹c¹ 20 tys. z³. Pani pracowa³a w sektorze bankowym, a œwiadczenie zaczê³a pobieraæ dopiero po 80. roku ¿ycia""  doda³a rzeczniczka."
Œl¹skie: najni¿sza emerytura 10 gr, najwy¿sza 15 tys. z³ - Bankier.pl;2017-12-06 18:40;https://www.bankier.pl/wiadomosc/Slaskie-najnizsza-emerytura-10-gr-najwyzsza-15-tys-zl-4044098.html;autor: Anna Gumu³ka
Œl¹skie: najni¿sza emerytura 10 gr, najwy¿sza 15 tys. z³ - Bankier.pl;2017-12-06 18:40;https://www.bankier.pl/wiadomosc/Slaskie-najnizsza-emerytura-10-gr-najwyzsza-15-tys-zl-4044098.html;lun/ ago/ malk/ js/
Oferta ZUE o wartoœci 330,1 mln z³ ponownie wybrana przez PKP PLK - Bankier.pl;2017-12-06 18:28;https://www.bankier.pl/wiadomosc/Oferta-ZUE-o-wartosci-330-1-mln-zl-ponownie-wybrana-przez-PKP-PLK-7560403.html;Oferta ZUE zosta³a po raz kolejny wybrana jako najkorzystniejsza w przetargu PKP PLK na wykonanie odcinka linii kolejowej Chabówka-Zakopane oraz ³¹cznicy w Chabówce - poda³o ZUE w komunikacie. Wartoœæ oferty netto to 330,1 mln z³.
Oferta ZUE o wartoœci 330,1 mln z³ ponownie wybrana przez PKP PLK - Bankier.pl;2017-12-06 18:28;https://www.bankier.pl/wiadomosc/Oferta-ZUE-o-wartosci-330-1-mln-zl-ponownie-wybrana-przez-PKP-PLK-7560403.html;"W paŸdzierniku PKP PLK uniewa¿ni³o przetarg, uzasadniaj¹c tê decyzjê ""omy³k¹ rachunkow¹ zamawiaj¹cego w ocenie z³o¿onych ofert, w jednym z kryteriów oceny ofert, tj. kryterium ceny""."
Oferta ZUE o wartoœci 330,1 mln z³ ponownie wybrana przez PKP PLK - Bankier.pl;2017-12-06 18:28;https://www.bankier.pl/wiadomosc/Oferta-ZUE-o-wartosci-330-1-mln-zl-ponownie-wybrana-przez-PKP-PLK-7560403.html;Termin realizacji kontraktu ustalono na 42 miesi¹ce. (PAP Biznes)
Oferta ZUE o wartoœci 330,1 mln z³ ponownie wybrana przez PKP PLK - Bankier.pl;2017-12-06 18:28;https://www.bankier.pl/wiadomosc/Oferta-ZUE-o-wartosci-330-1-mln-zl-ponownie-wybrana-przez-PKP-PLK-7560403.html;kuc/  osz/
JSW przywróci zawieszone œwiadczenia pracownicze - Bankier.pl;2017-12-06 18:10;https://www.bankier.pl/wiadomosc/JSW-przywroci-zawieszone-swiadczenia-pracownicze-7560394.html;Jastrzêbska Spó³ka Wêglowa podpisa³a z organizacjami zwi¹zkowymi porozumienie, na mocy którego spó³ka wyp³aci pracownikom w latach 2018 i 2019 œwiadczenia zawieszone w 2015 roku - poda³a JSW w komunikacie. Wartoœæ œwiadczeñ w 2018 roku ma wynieœæ ok. 350 mln z³, a w 2019 roku ok. 200 mln z³.
JSW przywróci zawieszone œwiadczenia pracownicze - Bankier.pl;2017-12-06 18:10;https://www.bankier.pl/wiadomosc/JSW-przywroci-zawieszone-swiadczenia-pracownicze-7560394.html;"Z komunikatu wynika, ¿e powrót do wyp³aty œwiadczeñ jest efektem ""poprawê sytuacji finansowej JSW"". Spó³ka poda³a, ¿e przed podpisaniem porozumienia analizowa³a zapisy umowy z obligatariuszami z sierpnia 2016 roku, która dotyczy³a sp³aty obligacji o wartoœci 700 mln z³ i 164 mln USD do 2025 roku."
JSW przywróci zawieszone œwiadczenia pracownicze - Bankier.pl;2017-12-06 18:10;https://www.bankier.pl/wiadomosc/JSW-przywroci-zawieszone-swiadczenia-pracownicze-7560394.html;Zgodnie z porozumieniem, pocz¹wszy od 2016 r. wstrzymana zosta³a m.in. wyp³ata tzw. czternastej pensji i deputatu wêglowego, natomiast do tzw. nagrody barbórkowej nie byli uprawnieni pracownicy administracji oraz ci, z którymi w danym roku pracodawca rozwi¹za³ umowê o pracê.
JSW przywróci zawieszone œwiadczenia pracownicze - Bankier.pl;2017-12-06 18:10;https://www.bankier.pl/wiadomosc/JSW-przywroci-zawieszone-swiadczenia-pracownicze-7560394.html;kuc/ osz/
GPW: w sprawie wprowadzenia do obrotu na Catalyst obligacji serii B1  spó³ki PCC EXOL S.A. - Bankier.pl;2017-12-06 18:08;https://www.bankier.pl/wiadomosc/GPW-w-sprawie-wprowadzenia-do-obrotu-na-Catalyst-obligacji-serii-B1-spolki-PCC-EXOL-S-A-7560392.html;Uchwa³a Nr 1428/2017 Zarz¹du Gie³dy Papierów Wartoœciowych w Warszawie S.A. z dnia 6 grudnia 2017 r. w sprawie wprowadzenia do obrotu gie³dowego na Catalyst obligacji na okaziciela serii B1  spó³ki PCC EXOL S.A.
GPW: w sprawie wprowadzenia do obrotu na Catalyst obligacji serii B1  spó³ki PCC EXOL S.A. - Bankier.pl;2017-12-06 18:08;https://www.bankier.pl/wiadomosc/GPW-w-sprawie-wprowadzenia-do-obrotu-na-Catalyst-obligacji-serii-B1-spolki-PCC-EXOL-S-A-7560392.html;§ 1
GPW: w sprawie wprowadzenia do obrotu na Catalyst obligacji serii B1  spó³ki PCC EXOL S.A. - Bankier.pl;2017-12-06 18:08;https://www.bankier.pl/wiadomosc/GPW-w-sprawie-wprowadzenia-do-obrotu-na-Catalyst-obligacji-serii-B1-spolki-PCC-EXOL-S-A-7560392.html;Na podstawie § 38 ust. 1 i 3 Regulaminu Gie³dy oraz § 2 ust. 1 Dzia³u IV Szczegó³owych Zasad Obrotu Gie³dowego w systemie UTP, Zarz¹d Gie³dy postanawia:
GPW: w sprawie wprowadzenia do obrotu na Catalyst obligacji serii B1  spó³ki PCC EXOL S.A. - Bankier.pl;2017-12-06 18:08;https://www.bankier.pl/wiadomosc/GPW-w-sprawie-wprowadzenia-do-obrotu-na-Catalyst-obligacji-serii-B1-spolki-PCC-EXOL-S-A-7560392.html;"1) wprowadziæ z dniem 8 grudnia 2017 r. w trybie zwyk³ym do obrotu gie³dowego na rynku podstawowym 250.000 (dwieœcie piêædziesi¹t tysiêcy) obligacji na okaziciela serii B1 spó³ki PCC EXOL S.A., o wartoœci nominalnej 100 z³ (sto z³otych) ka¿da, oznaczonych przez Krajowy Depozyt Papierów Wartoœciowych S.A. kodem ""PLPCCEX00051"";"
GPW: w sprawie wprowadzenia do obrotu na Catalyst obligacji serii B1  spó³ki PCC EXOL S.A. - Bankier.pl;2017-12-06 18:08;https://www.bankier.pl/wiadomosc/GPW-w-sprawie-wprowadzenia-do-obrotu-na-Catalyst-obligacji-serii-B1-spolki-PCC-EXOL-S-A-7560392.html;"2) notowaæ obligacje, o których mowa w pkt 1), w systemie notowañ ci¹g³ych pod nazw¹ skrócon¹ ""PCX0522""."
GPW: w sprawie wprowadzenia do obrotu na Catalyst obligacji serii B1  spó³ki PCC EXOL S.A. - Bankier.pl;2017-12-06 18:08;https://www.bankier.pl/wiadomosc/GPW-w-sprawie-wprowadzenia-do-obrotu-na-Catalyst-obligacji-serii-B1-spolki-PCC-EXOL-S-A-7560392.html;§ 2
GPW: w sprawie wprowadzenia do obrotu na Catalyst obligacji serii B1  spó³ki PCC EXOL S.A. - Bankier.pl;2017-12-06 18:08;https://www.bankier.pl/wiadomosc/GPW-w-sprawie-wprowadzenia-do-obrotu-na-Catalyst-obligacji-serii-B1-spolki-PCC-EXOL-S-A-7560392.html;Uchwa³a wchodzi w ¿ycie z dniem podjêcia.
GPW: w sprawie wprowadzenia do obrotu na Catalyst obligacji serii B1  spó³ki PCC EXOL S.A. - Bankier.pl;2017-12-06 18:08;https://www.bankier.pl/wiadomosc/GPW-w-sprawie-wprowadzenia-do-obrotu-na-Catalyst-obligacji-serii-B1-spolki-PCC-EXOL-S-A-7560392.html;kom abs/
GPW: w sprawie zawieszenia na Catalyst obrotu  obligacjami serii L  spó³ki VANTAGE DEVELOPMENT S.A. - Bankier.pl;2017-12-06 18:08;https://www.bankier.pl/wiadomosc/GPW-w-sprawie-zawieszenia-na-Catalyst-obrotu-obligacjami-serii-L-spolki-VANTAGE-DEVELOPMENT-S-A-7560393.html;Uchwa³a Nr 1429/2017 Zarz¹du Gie³dy Papierów Wartoœciowych w Warszawie S.A. z dnia 6 grudnia 2017 r. w sprawie zawieszenia w alternatywnym systemie na Catalyst  obrotu obligacjami na okaziciela serii L  spó³ki VANTAGE DEVELOPMENT S.A.
GPW: w sprawie zawieszenia na Catalyst obrotu  obligacjami serii L  spó³ki VANTAGE DEVELOPMENT S.A. - Bankier.pl;2017-12-06 18:08;https://www.bankier.pl/wiadomosc/GPW-w-sprawie-zawieszenia-na-Catalyst-obrotu-obligacjami-serii-L-spolki-VANTAGE-DEVELOPMENT-S-A-7560393.html;§ 1
GPW: w sprawie zawieszenia na Catalyst obrotu  obligacjami serii L  spó³ki VANTAGE DEVELOPMENT S.A. - Bankier.pl;2017-12-06 18:08;https://www.bankier.pl/wiadomosc/GPW-w-sprawie-zawieszenia-na-Catalyst-obrotu-obligacjami-serii-L-spolki-VANTAGE-DEVELOPMENT-S-A-7560393.html;Po rozpatrzeniu wniosku spó³ki VANTAGE DEVELOPMENT S.A.
GPW: w sprawie zawieszenia na Catalyst obrotu  obligacjami serii L  spó³ki VANTAGE DEVELOPMENT S.A. - Bankier.pl;2017-12-06 18:08;https://www.bankier.pl/wiadomosc/GPW-w-sprawie-zawieszenia-na-Catalyst-obrotu-obligacjami-serii-L-spolki-VANTAGE-DEVELOPMENT-S-A-7560393.html;"o zawieszenie obrotu obligacjami na okaziciela serii L tej spó³ki, oznaczonymi kodem ""PLVTGDL00093"", w zwi¹zku z zamiarem"
GPW: w sprawie zawieszenia na Catalyst obrotu  obligacjami serii L  spó³ki VANTAGE DEVELOPMENT S.A. - Bankier.pl;2017-12-06 18:08;https://www.bankier.pl/wiadomosc/GPW-w-sprawie-zawieszenia-na-Catalyst-obrotu-obligacjami-serii-L-spolki-VANTAGE-DEVELOPMENT-S-A-7560393.html;ich przedterminowego wykupu, Zarz¹d Gie³dy, dzia³aj¹c na podstawie
GPW: w sprawie zawieszenia na Catalyst obrotu  obligacjami serii L  spó³ki VANTAGE DEVELOPMENT S.A. - Bankier.pl;2017-12-06 18:08;https://www.bankier.pl/wiadomosc/GPW-w-sprawie-zawieszenia-na-Catalyst-obrotu-obligacjami-serii-L-spolki-VANTAGE-DEVELOPMENT-S-A-7560393.html;§ 11 ust. 1 pkt 1) Regulaminu Alternatywnego Systemu Obrotu, postanawia zawiesiæ obrót tymi obligacjami w alternatywnym systemie obrotu na Catalyst od dnia 11 grudnia 2017 r.
GPW: w sprawie zawieszenia na Catalyst obrotu  obligacjami serii L  spó³ki VANTAGE DEVELOPMENT S.A. - Bankier.pl;2017-12-06 18:08;https://www.bankier.pl/wiadomosc/GPW-w-sprawie-zawieszenia-na-Catalyst-obrotu-obligacjami-serii-L-spolki-VANTAGE-DEVELOPMENT-S-A-7560393.html;§ 2
GPW: w sprawie zawieszenia na Catalyst obrotu  obligacjami serii L  spó³ki VANTAGE DEVELOPMENT S.A. - Bankier.pl;2017-12-06 18:08;https://www.bankier.pl/wiadomosc/GPW-w-sprawie-zawieszenia-na-Catalyst-obrotu-obligacjami-serii-L-spolki-VANTAGE-DEVELOPMENT-S-A-7560393.html;Na podstawie § 25 ust. 9 i 10 Za³¹cznika Nr 2 do Regulaminu Alternatywnego Systemu Obrotu, Zarz¹d Gie³dy postanawia,
GPW: w sprawie zawieszenia na Catalyst obrotu  obligacjami serii L  spó³ki VANTAGE DEVELOPMENT S.A. - Bankier.pl;2017-12-06 18:08;https://www.bankier.pl/wiadomosc/GPW-w-sprawie-zawieszenia-na-Catalyst-obrotu-obligacjami-serii-L-spolki-VANTAGE-DEVELOPMENT-S-A-7560393.html;co nastêpuje:
GPW: w sprawie zawieszenia na Catalyst obrotu  obligacjami serii L  spó³ki VANTAGE DEVELOPMENT S.A. - Bankier.pl;2017-12-06 18:08;https://www.bankier.pl/wiadomosc/GPW-w-sprawie-zawieszenia-na-Catalyst-obrotu-obligacjami-serii-L-spolki-VANTAGE-DEVELOPMENT-S-A-7560393.html;"1) zlecenia maklerskie na obligacje, o których mowa w § 1, przekazane w alternatywnym systemie obrotu, a nie zrealizowane do dnia 8 grudnia 2017 r. (w³¹cznie), trac¹ wa¿noœæ po zakoñczeniu obrotu w tym dniu;"
GPW: w sprawie zawieszenia na Catalyst obrotu  obligacjami serii L  spó³ki VANTAGE DEVELOPMENT S.A. - Bankier.pl;2017-12-06 18:08;https://www.bankier.pl/wiadomosc/GPW-w-sprawie-zawieszenia-na-Catalyst-obrotu-obligacjami-serii-L-spolki-VANTAGE-DEVELOPMENT-S-A-7560393.html;2) od dnia zawieszenia, o którym mowa w § 1, zlecenia maklerskie
GPW: w sprawie zawieszenia na Catalyst obrotu  obligacjami serii L  spó³ki VANTAGE DEVELOPMENT S.A. - Bankier.pl;2017-12-06 18:08;https://www.bankier.pl/wiadomosc/GPW-w-sprawie-zawieszenia-na-Catalyst-obrotu-obligacjami-serii-L-spolki-VANTAGE-DEVELOPMENT-S-A-7560393.html;na obligacje, o których mowa w § 1, nie bêd¹ przyjmowane.
GPW: w sprawie zawieszenia na Catalyst obrotu  obligacjami serii L  spó³ki VANTAGE DEVELOPMENT S.A. - Bankier.pl;2017-12-06 18:08;https://www.bankier.pl/wiadomosc/GPW-w-sprawie-zawieszenia-na-Catalyst-obrotu-obligacjami-serii-L-spolki-VANTAGE-DEVELOPMENT-S-A-7560393.html;§ 3
GPW: w sprawie zawieszenia na Catalyst obrotu  obligacjami serii L  spó³ki VANTAGE DEVELOPMENT S.A. - Bankier.pl;2017-12-06 18:08;https://www.bankier.pl/wiadomosc/GPW-w-sprawie-zawieszenia-na-Catalyst-obrotu-obligacjami-serii-L-spolki-VANTAGE-DEVELOPMENT-S-A-7560393.html;Uchwa³a wchodzi w ¿ycie z dniem podjêcia.
GPW: w sprawie zawieszenia na Catalyst obrotu  obligacjami serii L  spó³ki VANTAGE DEVELOPMENT S.A. - Bankier.pl;2017-12-06 18:08;https://www.bankier.pl/wiadomosc/GPW-w-sprawie-zawieszenia-na-Catalyst-obrotu-obligacjami-serii-L-spolki-VANTAGE-DEVELOPMENT-S-A-7560393.html;kom abs/
